,count,mean,50%,75%,max
Meridienpen,361.0,0.05263157894736842,0.0,0.0,1.0
Meridienpf,19.0,3.973684210526316,3.5,5.5,8.0
