,count,mean,50%,75%,max
totalnights,384.0,12.354166666666666,8.0,14.25,228.0
busnights,372.0,4.962365591397849,2.0,5.0,218.0
leisnights,384.0,7.546875,6.0,10.0,100.0
